{
  "기본정보": [
    "출생: 1809년 2월 12일 잉글랜드 슈루즈버리",
    "사망: 1882년 4월 19일(73세) 잉글랜드 런던 던하우스",
    "국적: 영국"
  ],
  "수상": [
    "로열 메달",
    "월스턴 메달",
    "코플리 메달"
  ],
  "분야": [
    "박물학", 
    "생물학"
  ],
  "종의 기원과 진화론": [
    "1856년 진화론을 쓰기 시작하였으나, 완성되기 전에 앨프리드 월리스로부터 자기의 학설과 똑같은 취지의 논문이 온 것을 보고 놀랐으나, 친구인 후커와 라이엘의 배려로 1858년에 린네 학회 총회에서 월리스의 논문과 함께 발표하였다.",
    "그의 발언 중 '인간은 원숭이로부터 진화되었다'는 부분은 당시 유럽사회에 큰 충격을 주었다. 기독교가 그때까지 유럽 사회를 지배하는 사상이었고 다윈의 견해들은 논란의 대상이 되었다.",
    "이후 진화론의 찬반을 놓고 격렬한 논쟁의 장이 되었다. 그의 발표는 생물학자뿐만 아니라 구약성서에 근거하여 하느님의 창조를 믿는 기독교 신학자들의 맹렬한 반대를 받았다.",
    "그는 사망할 때까지 동물학·식물학 및 인류에 관한 연구를 계속하고 많은 저서를 남겼다. 저서로 <가축과 재배 식물의 변이>와 사람의 진화에 대해 다루는 <인간의 유래>(1871) 등이 있다."
  ],
  "생애 후반": [
    "다윈은 흔히 진화론의 이론을 정리한 생물학자로만 알려져 있어서 당시 일부 보수 언론들은 다윈을 원숭이에 빗대는 풍자만화를 그릴 정도였다.",
    "그는 남아메리카 여행당시 백인들의 흑인노예 제도에 격분하여, 노예 제도를 반대하기도 했다.",
    "한편 그의 종의 기원 발표와 '인간이 원숭이로부터 한' 문제의 발언이 나오기 직전인 1856년 독일의 라인란트 주 뒤셀도르프에서 원시적인 형태의 인류인 네안데르탈인의 화석이 발견되면서 논쟁에 불을 지피기도 했다."
  ],
  "저서": [
    "산호초의 확산과 그 구조 (The Structure and Distribution of Coral Reefs, 1842 London).",
    "화산도의 지질학적 관찰 (Geological Observation on the vocanic Islands, 1844 London).",
    "남미의 지질학적 관찰 (Geological Obeservation on South America 1846 London).",
    "《종의 기원》 (On the Origin of Species) by means of Natural Selection or the preservation of favoured races in the struggle for life, 1859 London)",
    "인간의 유래와 성선택 (The Descent of Man, 1871 London)",
    "인간과 동물의 감정 표현 (The Expression of the Emotions in Man and Animals, 1872, London)",
    "지렁이의 활동과 분변토의 형성 (1881)"
  ]
}