{
  "기본 정보": [
    "다이제는 오리온에서 제조생산하는 통밀과자이다.",
    "원래 영국 맥비티사의 통밀과자인 다이제스티브를 독자적으로 리메이크한 과자이다."
  ],
  "형태": [
    "둥글어보이는 원형을 띈 과자이며 다이제스티브라는 영문 문장이 새겨졌다. 1997년 다이제로 바뀐 후로는 오리온 다이제라는 문장으로 변경되었다.",
    "다이제 초코는 반쪽면이 초콜릿을 입힌 형태이다."
  ],
  "종류":{
    "다이제 비스킷": "통밀을 주 재료로 만든 비스킷",
    "다이제 초코": "초콜릿을 반(半)으로 입힌 비스킷",
    "다이제 미니": "다이제 초코를 작은 형태로 축소하여 편리하게 먹을 수 있는 비스킷",
    "다이제 씬": "기존의 다이제 초코를 얇게 만들어낸 비스킷"
  }
}