{
    
    "인물": {
        "기본 정보": [
            "국적: 일본",
            "생년월일: 1994년 7월 5일(30세)",
            "출신지: 이와테 현 미즈사와 시(현 : 오슈 시)",
            "신장: 193cm",
            "체중: 86kg"
        ],
        "선수 정보": [
            "투구·타석: 우투좌타",
            "수비 위치: 투수, 우익수",
            "프로 입단 연도: 2012년",
            "드래프트 순위: 1순위",
            "첫 출장: 2013년 3월 29일",
            "연봉: 1,500만 엔(2013년)"
        ],
        "경력": [
            "홋카이도 닛폰햄 파이터스(2013 ~ )"
        ]
    },
    "프로 입단 전": [
        "이와테 현 미즈사와 시(현재의 오슈 시) 출신으로 사회인 야구 선수였던 아버지와 배드민턴 선수였던 어머니를 둔 스포츠 집안에서 태어났다. ‘쇼헤이’(翔平)라는 이름은 아버지가 오슈 히라이즈미(奥州平泉)에 연고가 있는 미나모토노 요시쓰네(아명은 우시와카마루(牛若丸))와 연관지어서 요시쓰네의 싸우고 날아오른다는 이미지로부터 ‘쇼’(비상할 상(翔))자를 따오고 히라이즈미에서 ‘헤이’ (평평할 평(平)) 자를 따서 붙여준 이름이다.",
        "미즈사와 시립 아네타이 초등학교(현재의 오슈 시립 아네타이 초등학교) 3학년 때 미즈사와 리틀 리그에서 야구를 시작하여 전국 대회에 출전했고 오슈 시립 미즈사와미나미 중학교 시절에는 이치노세키 리틀 시니어에 소속돼 여기서도 팀의 전국 대회 출전을 이끌었다.",
        "기쿠치 유세이를 동경해 기쿠치의 출신 고등학교인 하나마키히가시 고등학교에 진학하여 “일본 최고가 되겠다”, “일본 선수로는 최고 빠른 시속 163km/h를 기록하겠다”, “드래프트에서 기쿠치 유세이를 뛰어넘어 8개 구단으로부터 1순위 지명을 받는 선수가 되겠다”등을 목표로 세웠다.  야구부 입단 후에는 사사키 히로시 감독이 “아직은 뼈가 성장하는 단계다. 1학년 여름까지는 야수로 기용해서 천천히 성장 단계를 높여나간다”라는 방침에 따라  1학년 춘계 시즌에는 ‘4번·우익수’로서 공식전에 출전했다. 추계 시즌부터는 에이스를 맡아 최고 구속 147km/h를 기록했고 2학년 춘계 시즌에는 최고 구속 151km/h를 기록했다.",
        "여름에 열린 고시엔 대회(제93회 전국 고등학교 야구 선수권 대회) 첫 경기였던 데이쿄 고등학교와의 경기 당시 골단선 손상으로 우익수로 선발 출전했다가 4회 도중부터 등판해서 고마자와 대학 부속 도마코마이 고등학교 시절의 다나카 마사히로와 함께 고시엔 대회에서 고교 2학년 선수가 세운 최고 구속 타이 기록에 해당되는 150km/h를 세웠다. 그 이후에는 치료에만 전념하면서 경기에서는 타자로만 출전했다. 3학년 때인 제84회 선발 고등학교 야구 대회에서는 1차전 상대인 오사카도인 고등학교와의 맞대결에서 후지나미 신타로에게서 홈런을 때려냈으나 11개의 4사구와 9실점으로 무너졌다. 3학년 여름에 열린 이와테 대회(전국 고등학교 야구 선수권 이와테 대회) 준결승전 상대인 이치노세키가쿠인 고등학교와의 맞대결에서 아마추어 야구 사상 최초로 최고 구속 160km/h를 기록했다.  그러나 결승전인 모리오카 대학부속 고등학교와의 맞대결에서는 좌측 폴대의 바깔쪽을 통과한 타구가 홈런으로 판정되는 불운을 겪는 등 5점을 내주는 바람에 고등학교 마지막 여름의 고시엔 대회 출전에는 실패했다. 고시엔 대회 통산 성적은 14이닝을 던져 평균 자책점 3.77, 16개의 탈삼진을 기록했고 야수로서는 두 경기에서 타율 3할 3푼 3리, 1개의 홈런을 남겼다.",
        "9월에는 제25회 AAA 세계 청소년 야구 선수권 대회 일본 대표팀 선수로 발탁돼 주로 4번·지명 타자로 기용됐다. 5위 결정전이었던 대한민국전에 선발 등판해 7이닝 동안 2실점, 12 탈삼진, 최고 구속 155km/h를 기록하는 등의 호투를 보였음에도 불구하고 패전 투수가 됐다.",
        "2012년 프로 야구 드래프트 회의를 앞두고 일본 프로 야구 뿐만 아니라 메이저 리그 구단 쪽에서도 오타니에게 눈독을 들였는데 애당초 본인은 “(미국이냐 일본이냐는) 5대 5” 라고 말했다가  로스앤젤레스 다저스와 텍사스 레인저스, 보스턴 레드삭스와의 면담을 거쳐  그 해 10월 21일에 메이저 리그에 도전하겠다는 입장을 밝혔다.  기자회견 자리에서 오타니는 “마이너에서부터 시작하게 될 테지만 메이저 리그에 도전하고 싶다. 입학할 때부터 꿈이었다. 젊을 때 가고 싶다는 마음이 있었다. 일본 프로 야구도 동경했지만 메이저 리그 쪽에 대한 동경이 컸다”라고 말했다.  그런데 23일에 홋카이도 닛폰햄 파이터스 GM의 야마다 마사오가 오타니를 드래프트 1순위로 지명하겠다고 말했고  구리야마 히데키 닛폰햄 감독도 역시 “오타니한테는 정말로 미안하지만 지명하겠다”고 밝혔다.  드래프트 회의 당일인 25일에는 닛폰햄이 단독 1순위 지명으로 교섭권을 따냈다. 지명 후에 열린 기자회견에서 오타니는 “깜짝 놀랐고 동요하기도 했다. 하지만 제 마음은 변함없다. 저를 좋게 평가해 주신 것은 감사하지만 미국에서 뛰고 싶다는 마음은 변함없다” 라고 밝혔고   지명 인사차 닛폰햄이 방문했을 때도 만나주지 않았다.",
        "그러나 그 후 두 번째 방문 때 지명 인사를 받아들였고  오타니의 부모도 나선 입단 협상을 네 차례에 걸쳐 실행에 옮겼다.   세 번째의 입단 협상부터는 구리야마 히데키 닛폰햄 감독도 동석했다.   입단 협상에서는 30페이지에 달하는 자료 가 협상 테이블에 제시됐고 고등학교 졸업 후 직접 미국으로 건너간 대한민국 야구 선수들이 메이저 리그에서 큰 활약을 보여주지 못하고 있다는 사실과 마이너 리그의 가혹한 실정, 일본 국내 리그에서 실력을 닦은 선수가 메이저 리그에서 좋은 활약을 펼치고 있다는 점 등을 설명했다. 더 나아가 다르빗슈 유가 착용했던 등번호 11번과 투수와 타자를 겸하는 ‘이도류’(쌍검류) 육성 플랜 등도 제시되어 12월 9일에 닛폰햄에 입단하겠다는 뜻을 밝혔다. 12월 25일에 계약금 1억 엔과 성과급 5,000만 엔, 연봉 1,500만 엔(추정)이라는 조건으로 가계약을 맺은 뒤 입단 기자회견을 열었고   회견 후에는 삿포로 돔에서 구리야마 히데키 감독과 함께 투구와 타격으로 1구 승부를 겨루는 이벤트를 개최하기도 했다.",
        "2012년 11월에 하나마키히가시 고등학교가 이와테 현내를 대상으로 학생 모집 텔레비전 광고를 내보냈는데 일본 고등학교 야구 연맹의 승인 없이 오타니를 이 광고에 출연시켰다는 사실이 2013년 1월에 판명됐다. 이는 일본학생야구헌장에 저촉된다고 하여 고등학교 야구 연맹이 실태조사에 나섰고 야구부 부장이 엄중 주의를 받았다."
    ],
    "프로 입단 후": {
        "2013": [
            "춘계 스프링 캠프에서는 투수와 야수의 연습 메뉴를 병행해내면서 2월 중부터 1군에 합류했고 시범 경기나 춘계 교육 리그에서도 투수, 우익수, 지명 타자로서 출전했다. 3월 17일 주니치 드래곤스와의 시범 경기에서는 야마우치 소마로부터 첫 홈런을 때려냈다. 같은 달 21일 도호쿠 라쿠텐 골든이글스와의 시범 경기에서는 투수로서 등판한 후 타자로서 타석에 들어서며 그 후 우익수 수비에도 오르는 등 ‘이도류’ 데뷔를 성공적으로 치뤘다.",
            "투수로 등록된 상태에서 타자로서 1군 개막전 엔트리에 합류했고 개막전인 3월 29일 사이타마 세이부 라이온스전에서는 ‘8번·우익수’로 선발 출전했다. 고졸 외야수의 개막전 선발 출전은 2011년의 슌타(오릭스 버펄로스) 이후 처음이고 닛폰햄 구단에서는 1959년 하리모토 이사오 이래 54년 만의 일이다. 개막전에서 2안타 1타점이라는 성적을 남겨 수훈 선수로 선정돼 히어로 인터뷰의 주인공이 되었다. 고졸 신인이 개막전에서 2안타를 때린 것은 1960년 야노우라 구니미쓰(긴테쓰)가 기록한 이래 53년 만의 두 번째이다.  다음날 3월 30일도 출전했지만 하나마키히가시 고등학교의 선배이기도 한 세이부의 선발 기쿠치 유세이에게서 2개의 삼진을 당했다. 그 후에도 하위 타선에 출전하여 2군 경기에서 투수로서 조정하고 있었지만 4월 13일의 오릭스전에서 외야 수비 도중에 오른쪽 발목 부상을 당해  곧바로 2군으로 내려갔다.",
            "5월 4일에는 1군에 복귀했고 이틀 후인 5월 6일의 세이부전에서는 프로 데뷔 후 처음으로 1번 타자로서 출전했다. 5월 23일 도쿄 야쿠르트 스왈로스전에서 투수로서 첫 등판과 동시에 첫 선발로 등판했는데 5이닝 동안 2실점을 기록하여 승패는 연결되지 못했지만 신인 투수의 첫 등판으로는 역대 가장 빠른 157km/h를 기록했다.  이 경기에서는 첫 등판을 기념하여 이도류 클리어 파일 세트와 관전증명서가 배포되었다. 5월 27일 한신 타이거스전(한신 고시엔 구장)에서는 고교 3학년 때 선발 고교 야구 대회 이후 처음이 되는 후지나미 신타로와의 맞대결이 성사되었다. 티켓이 사전 예약만으로 매진이 되었고 컬래버레이션 상품이 발매되는 등 큰 성황을 이루었다.  경기에서는 ‘5번·우익수’로서 선발 출전하여 프로 데뷔 후 처음이 되는 중심 타선에 들어가 후지나미에게서 2개의 2루타를 때려냈다."
        ]
    },
    "플레이 스타일": [
        "“미치노쿠의 다르빗슈”라고 불리며, 193cm의 뛰어난 신체와 스리쿼터로 최고 속도 160km/h의 스트레이트를 던지는 본격파 우완 투수로 날카로운 브레이크가 들어간 슬라이더 와 100km/h 전후의 커브, 여러 종류의 체인지업, 포크볼을 던진다. 고등학교 시절엔 안정적인 투구폼과 체력이 화제가 되었고 제구력에는 문제가 있어 고교 통산 145개의 탈삼진에 대해서는 상대 타자에게 61개의 4사구를 기록했다.",
        "야수로서도 높은 평가를 받아 고교 통산 56개 홈런의 장타력과 1루 도달 4.1초대의 준족, 강한 어깨 를 갖춰 프로 구단 스카우트로부터 “다카하시 요시노부와 같은 유형의 3관왕을 노릴 수 있는 타자” , “마쓰이 히데키 이래의 장거리 타자”라는 평가받았다."
    ],
    "에피소드": [
        "친형은 전 고치 파이팅 독스 선수였던 오타니 료타이고 좋아하는 선수는 다르빗슈 유다.",
        "고등학교 시절엔 야수로서도 높은 평가를 받고 있었지만 본인은 투수에 대한 애착이 강해서  ‘세계 제일의 투수’를 목표로 하고 있으며 메이저 리그에 대한 강한 목적 의식을 가지고 있다.",
        "“아무도 할 수 없었던 그런 걸 하고 싶다. 노모 히데오도 그렇고, 성공하면 고등학교에서 메이저 리그 진출이라는 길도 개척할 수 있다고 생각한다. 160km/h의 목표를 세웠을 때에는 ‘무리가 아닐까’하는 우려도 있었지만 그런 말을 들으면 반드시 하고 말겠다는 생각이 든다. 자극이 될까하는 의욕이 생긴다”는 마음가짐으로  고등학교 3학년 때 일본 프로 야구를 거치지 않고 직접 메이저 리그 구단과의 계약을 목표로 할 의향이 있음을 밝히며 “일본을 선택했을 경우라도 신체적으로 피크라고 할 수 있는 25세에 메이저 리그에 도전하고 싶다” , “미국 야구 명예의 전당에 입성한 최초의 일본인 투수가 되고 싶다. 메이저 리거로 전당에 입성하려면 적어도 15년 정도는 메이저 리그에 있어야 한다고 하니 서른 살 가까이 돼서 메이저 리그에 도전하는 건 늦다고 생각한다” , “마이너 리그에서 올라와 메이저 리그로 가는 것도 매력”이라고 하면서  닛폰햄 입단을 공식 표명한 이후에도 “역시 최종적으로는 메이저 리그에 가고 싶다고 생각하였고 나 자신이 동경하는 장소”라고 말했다.  미국에서 생활할 각오에 대해서도 “그럴 마음이 있다”라고 하면서 미국과 일본의 문화나 언어, 야구의 차이에 대해서는“맞고 아니고를 떠나서 익숙해지는 문제라고 본다. 그런 의미까지 포함해서 젊을 때 익숙해지는 게 좋다고 생각한다. 그러니 불안하지 않다”하고 말했다.",
        "좋아하는 과목은 역사인데 그 이유는 “특히 막부 말기를 좋아한다. 일본이 근대적으로 변해가기 위한 새로운 시도들이 많았고 역사적으로 봐도 큰 변화가 있는 시대였다. ‘혁명’이나 ‘유신’같은 것에 끌린다”라고 말했다."
    ]
}