{
  "인물": [
    "출생: 1847년 2월 11일 미국의 기 미국 오하이오주 밀란",
    "사망: 1931년 10월 18일(84세) 미국의 기 미국 뉴저지주 웨스트오렌지",
    "국적: 미국",
    "주요 업적: 에디슨 효과"
  ],
  "소개": [
    "토머스 앨바 에디슨은 미국의 발명가 및 사업가이다.",
    "세계에서 가장 많은 발명(축음기, 전구 등)을 남긴 사람으로 1,093개의 미국 특허가 에디슨의 이름으로 등록되어 있다.",
    "비공식적으로는 2,332개를 발명했다고 전해진다.",
    "토머스 에디슨은 후에 제너럴 일렉트릭을 건립하였다."
  ],
  "생애": [
    "1847년 오하이오주 밀란에서 태어나 미시간주 포트 휴런에서 자랐다.",
    "정규 교육을 받은 것은 3개월 뿐이었으나, 결혼하기 전에는 교사로 일했던 어머니의 열성적인 교육 덕에 점차 재능을 발휘하게 되었다.",
    "중앙교육연구원에서 펴낸 에디슨 전기(영국 엑스터 출판사 원전)에 따르면, 에디슨의 어머니는 아들의 재능을 생각해서 직접 실험을 할 수 있는 과학책을 사 주었다."
  ],
  "가족 관계": [
    "에디슨은 한평생 발명/사업에 힘써왔지만 가족에게는 정말로 소홀했다.",
    "첫째 부인은 쓸 만한 발명품을 만들어내지 않는다고 구박했고 대학교육에 대한 컴플렉스 탓에 자식들을 공과대학을 제외한 그 어떤 대학에도 보내지 않았다.",
    "첫 번째 부인 메리 스틸웰이 죽었을 때 그는 일이 바쁘다며 장례식도 가지 않았다고 하며, 그 후 한동안 적적하게 지내다 두 번째 부인이 된 미나 밀러에게 모스 부호로 프로포즈했다는 이야기가 전해진다.",
    "가족에 소홀했던 탓인지 자식들의 삶도 좋지 못했다.",
    "첫째 아들 토머스 주니어는 '전기 활력 회복기’라고 이름 붙인 가짜 건강기계를 만들어 팔다 고발당하는 등 아버지 이름을 빌려 사기나 치는 사기꾼이었고",
    "둘째 윌리엄은 하는 사업마다 망해서 매주 40달러씩 생활비를 대주는 처지가 되었다.",
    "다만 셋째 아들 찰스 에디슨은 정계로 진출해 훗날 뉴저지주의 주지사가 되었다. 자신의 아버지와 가장 친밀하다고 자부하던 그였지만, 그마저도 아버지 얼굴을 평생 봤던 시간이 채 1주일도 되지 않는다고 털어놓았다."
  ],
  "공헌": [
    "당시의 미국의 과학기술은 유럽에 비해 내세울 게 없었다.",
    "특히 유럽의 물리학은 19세기 말에서 20세기 초까지 막스 플랑크, 닐스 보어, 퀴리 부부, 아인슈타인, 하이젠베르크 등 천재적인 학자들이 서로 경쟁하며 비약적인 발전하고 있었으나 미국은 변방이었다",
    "비록 에디슨은 학자적인 이론을 갖고 있지는 못했지만 실험과 호기심을 통한 발명으로 미국을 응용기술 면에서 유럽을 압도할 수 있는 국가로 만들었다."
  ]
}