{
  "인물": {
    "미국의 제1대 대통령": [
      "임기: 1789년 4월 30일~1797년 3월 3일",
      "부통령: 존 애덤스"
    ],
    "신상정보": [
      "출생일: 1732년 2월 22일",
      "출생지: 대영 제국 버지니아 식민지 웨스트모얼랜드",
      "사망일: 1799년 12월 14일(67세)",
      "사망지: 미국 미국 버지니아주 마운트 버넌",
      "정당: 무소속",
      "배우자: 마사 워싱턴"
    ]
  },
  "어린 시절": [
    "조지 워싱턴은 1732년 2월 22일 버지니아 식민지의 웨스트모얼랜드 카운티에 소재한 오늘날의 콜로니얼 비치 인근에서 어거스틴 워싱턴과 어거스틴의 두 번째 부인 메리 볼 워싱턴 사이에서 첫째로 태어났다.",
    "부친 어거스틴은 첫째 부인인 제인 버틀러와의 사이에서 네 명의 아이를 얻었는데 이들 중 둘은 어려서 죽고 둘(대략 1718년 즈음에 태어난 로렌스와 1720년 즈음에 태어난 어거스틴)은 생존하였으므로 사실상 조지는 셋째 아이였으며 이들보다 한참 어렸다.",
    "버지니아에서 상품 작물로서 담배가 성장한 것은 이를 재배하기 위해 수입된 노예 수를 보더라도 확연히 알 수 있다. 워싱턴이 태어났을 즈음에 식민지 인구의 절반은 흑인이었다.",
    "워싱턴은 농장주로서 활동한 경력을 가지고 있는데 역사가들은 농장주의 개념을 20명 이상의 노예를 거느린 자로 규정하고 있다"
  ],
  "독립전쟁 참가": [
    "마운트버넌의 농장에서 조용히 지내던 그는 미국의 독립전쟁이 시작되자 식민지군 사령관으로 취임하였고",
    "의 타고난 실력인 명석한 판단력과 탁월한 지도력으로 남을 이끌어가는 데에 훌륭한 장점을 가진 성격을 이용해 온갖 악조건과 싸우면서 끝내 승리를 거두어 미국의 독립을 성취하게 하였다.",
    "그 후 독립전쟁에서 승리한 그는 부귀영화를 바라지 않고 아무런 미련없이 고향으로 돌아갔다."
  ],
  "미국의 초대 대통령":[
    "조지 워싱턴은 1787년에 버지니아주 대표가 되고, 약 2년 후에 치러진 초대 대통령 선거에 출마하여 미국 역사상 유일하게 만장일치로 당선되어 취임한다.",
    "이 선거에서 일반인 투표에서 1위를 한 워싱턴이 대통령에 당선될 것은 기정사실이었다.",
    "대통령 지명권을 가진 선거인단 투표에서, 13개 주 중 연방제 반대의견으로 선거인단을 지명하지 못했던 뉴욕주를 제외한 12개 주로부터 선출된 69명의 선거인단은 각각 2표씩 행사할 수 있었는데, 그들은 모두 한 표씩 조지 워싱턴에게 투표하였다.",
    "취임 후 워싱턴은 188cm의 큰 키에 당당한 체구로 정부에서뿐만 아니라 어디에서나 돋보였다. 독립전쟁을 승리로 끝낸 영웅이었음에도 군인으로서의 명성은 그의 인품만큼 빛을 발하지 못하였고 오히려 첫 대통령으로서 특히 권좌에서 깨끗이 물러나는 모습을 보여주었다."
  ]
}