{
  "인물": [
    "본명: 크리스토퍼 콜럼버스",
    "국적: 이탈리아",
    "출생일: 1450년 10월 31일",
    "출생지: 제노바 공화국 제노바",
    "사망일: 1506년 5월 20일(55세)",
    "사망지: 카스티야 연합왕국 바야돌리드"
  ],
  "소개": ["크리스토퍼 콜럼버스(1450년 10월 31일 ~ 1506년 5월 20일)는 이탈리아 제노바 출신의 탐험가이자 항해가이다.", 
    "1492년에 스페인 왕실의 후원을 받아 서회항로 개척에 나섰다.",
    "아메리카 대륙을 탐험하게 되었고, 결국에는 당대에 유럽인들이 알지 못했던 새로운 대륙이 있음을 알리는 역할을 하게 되었다."
  ],
  "아메리카 탐험": {
    "1차 항해": [
      "1492년 8월 3일 금요일, 산타마리아호(기함), 니야호, 핀차호, 3척을 이끌고 팔로스 항을 떠나 일주일만에 카나리아 제도에 도착하였다.",
      "카나리아 제도에서 약 한달을 머물며 추가 보급을 받고 선박을 수리하였다. 9월 8일 카나리아 제도를 출발하여 서쪽으로 향했는데, 항해를 시작한지 한달이 지났음에도 불구하고 육지가 보이지 않자 선원들이 귀항을 주장하며 반란에 가까운 사태가 벌어졌다.",
      "3개월이 넘게 지속된 탐험에도 원하던 금과 향신료를 찾지 못했으나 식량이 떨어져가고 피로가 누적되어 항로개척이라는 성과에 만족해야만 했다.",
      "또한 항해초와는 달리 역풍을 만나 고생하였고, 두 차례의 큰 폭풍도 만났는데, 첫 폭풍은 아조레스 제도로 피난하여 모면하였다",
      "1493년 3월 13일에 스페인 팔로스 항에 입항함으로 1차항해를 마쳤다."
    ],
    "2차 항해": [
      "1차항해 이후 콜럼버스는 가급적 빨리 다시 탐험을 떠나기 원했고 2달만에 왕명으로 선단을 꾸리기 시작했다.",
      "콜럼버스는 원주민들의 말을 신뢰하지는 않았으나 우선 식민지 요새인 이사벨라 시 건설을 서둘렀다.",
      "이사벨라 요새가 어느 정도 안정되어가자 1494년 4월부터 9월까지 쿠바와 자메이카 해안 지역을 탐사하였다",
      "1494년 6월 24일에는 동생 바르톨로메가 보급선과 함께 에스파뇰라에 들어왔다. 금은 원주민으로부터 약탈한 것, 채취한 사금 등 소량만 발견되었고 식민지 통치에는 무능력함을 들어냈다."
    ]
  }
}