{
  "기업": {
    "개요": "SK하이닉스는 대한민국의 메모리 반도체 설계, 제조 기업으로 종합 세계 2위의 RAM과 낸드플래시(ROM) 제조 기업이다.",
    "기본 정보": [
      "형태: 주식회사",
      "창립: 1949년 10월 15일",
      "창립자: 정주영",
      "상장일: 1996년 12월 26일",
      "산업 분야: 제조업"
    ],
    "매출": [
      "매출액: 42,997,791,999,784원 (2021)",
      "영업이익: 12,410,339,951,887원 (2021)",
      "순이익: 9,616,187,559,784원 (2021)",
      "자산총액: 96,386,474,358,646원 (2021.12)"
    ]
  },
  "사건사고": [
    "2013년 9월 4일 우시공장에서 화재가 발생하여 1명이 부상당하였다",
    "2015년 4월 30일 아미리 공장에서 시험가동 중인 장비를 점검하던 하청업체 근로자 3명이 질소가스에 의해 질식사하였다.",
    "불법 임금삭감: SK하이닉스의 사무직 취업규칙인 '연봉제 급여규칙'에 따르면 직원의 인사평가 결과에 따라 급여를 5단계로 차등하여 계약 연봉의 90%에서 110%까지 지급받도록 되어 있다.",
    "취업규칙 변경 날치기 통과: 위 불법 임금삭감이 논란이 되자 SK하이닉스는 취업규칙 변경을 위한 설명회를 개최하고 직원들의 동의를 받기로 하였으나 이 과정에서 여러 가지 논란을 빚었다.",
    "현대 유니콘스 해체의 주범: 운영비가 상상을 초월할 정도로 많이 드는 탓에 최대의 순수익을 올리는 기업이 스포츠단 운영을 맡아야 했으나 반도체를 뺀 모든 사업부가 적자투성이었던 데다 재정마저도 부실한 해당 기업(당시 현대전자)이 현대 유니콘스 프로야구단의 최대주주로 오면서 이 구단은 꼬이기 시작했는데 IMF 사태로 현대그룹에 위기가 오자 해당 기업은 점점 휘청대기 시작했고 SK 와이번스로부터 받았던 현대 유니콘스의 서울 입성금 54억을 회사 지원금으로 사용했으며 구단 운영비는 한 푼도 주지 않았다.",
    "현대 유니콘스 2군 구장이자 해당 기업(당시 현대전자) 연수원 내 야구장이었던 원당야구장이 속한 현대전자 연수원은 NH투자증권이 인수하여 NH인재원이 됐다."
  ]
}