{
  "기업": {
    "개요": [
      "LG전자(영어: LG Electronics)는 대한민국의 기업이다.",
      "본사는 서울특별시 영등포구 여의대로 128 (여의도동)에 있다."
    ],
    "기본 정보": [
      "형태: 주식회사",
      "창립: 2002년 4월 1일",
      "창립자: 구인회",
      "산업 분야: 전자부품, 컴퓨터, 영상, 음향 및 통신장비 제조업",
      "전신: 금성사",
      "본사 소재지: 대한민국 서울특별시 영등포구 여의대로 128 (여의도동)"
    ],
    "서비스": [
      "통신 및 방송 장비 제조업",
      "텔레비전 제조업",
      "주방용 전기기기 제조업",
      "기타 가정용 전기기기제조업"
    ],
    "핵심 인물": "조주완, 배두용"
  },
  "제품": [
    "금성사 시절부터 LG 제품은 국민 생활에 혁명을 가져왔으며 기실 1990년대 중반 이전까지만 해도 한국 전자제품 시장은 금성사가 거의 다 먹었다고 해도 과언이 아니다.",
    "이제 골동품 수준이라 드물지만 냉장고나 선풍기 등은 45년 이상 사용하는 경우도 있다.",
    "사실 복잡하고 고장이 날 구석이 많아서이기도 하고 옛날에는 그냥 무식하게 튼튼하게 만들다 이제는 더 작은 크기에 고밀도화된 칩셋, 기판 등이 들어가기 때문에 내구성이 낮아질 가능성이 높다."
  ],
  "슬로건": [
    "금성표는 기술을 상징한다. (1963 ~ 1964)",
    "기술의 상징 금성 (1963 ~ 1967/1973 ~ 1987)",
    "조국 근대화와 번영의 상징 (1969 ~ 1972)",
    "순간의 선택이 10년을 좌우합니다. (1980 ~ 1987)",
    "우리의 기술로 세계에 올림픽을 금성 (1987 ~ 1988)",
    "최첨단 기술의 상징 (1988 ~ 1989)",
    "테크노피아를 향한 최첨단 기술 (1988)",
    "신뢰의 상표 금성 (1989 ~ 1993)",
    "최고를 선택한 권리 고객에게 있습니다. (1993 ~ 1994)",
    "멀티미디어 - LG전자가 하이미디어로 앞서갑니다. (1994 ~ 1995)",
    "다음 세대를 위한 멀티미디어 기술 - 하이미디어 (1995 ~ 1996)",
    "감동의 시작 (1995 ~ 1996)",
    "Champion 정신 (1997 ~ 1998)",
    "세상을 바꾸는 힘 - 디지털 LG (1999 ~ 2003)",
    "DIGITAL ez LG (1999 ~ 2002)",
    "기술이 깊을수록 사랑입니다. (2006)",
    "Life is Good (2010 ~ 현재)",
    "가전은 역시 LG (2019 ~ 현재)"
  ]
  
}