{
  "인물": [
    "출생: 1869년 10월 2일 영국령 인도 포르반다르국 포르반다르",
    "사망: 1948년 1월 30일(78세) 인도 연방 뉴델리",
    "국적: 인도",
    "종교: 힌두교",
    "배우자: 카스토르바이"
  ],
  "생애": {
    "생애 초기": [
      "간디는 인도 서부에서도 사우라슈트라 주의 유명 항구도시인 포르반다르의 명문가에서 출생하였다.",
      "아버지는 배움은 없었으나 아들의 말을 믿어주고 배려하는 분이었으며, 어머니는 힌두교의 교리와 전통을 성실하게 지키는 신실한 힌두교 신자였다.",
      "간디는 청소년 시기에 방황하기도 했지만, 아버지가 따뜻하게 감싸주심을 경험하면서 자연스레 상처를 치유했다고 한다."
    ],
    "결혼": [
      "7살 때 이미 그는 약혼을 했었지만 약혼녀들이 모두 차례로 죽어, 세 번째 약혼녀인 상인 집안의 딸인 카스투르바이 마칸지와 13세에 결혼한다.",
      "그는 어린시절 영국처럼 강해지려면 고기를 먹어야 한다는 한 친구의 말에 감화되어 고기를 먹은 적도 있었지만, 힌두교 신자로서 양심의 가책을 받아서 그만두었다고 한다.",
      "간디는 영국 런던 대학교 유니버시티 칼리지 런던 (University College London: UCL)에 입학, 법학을 공부하여 1891년 변호사 자격을 취득했다."
    ],
    "독립운동": [
      "그 후 남아프리카를 경유하여 귀국하였다 그러나 그의 어머니는 귀국 전 이미 별세한 뒤였다.",
      "1893년 남아프리카 공화국의 나탈 식민지에 부임하여, 변호사를 개업하였다.",
      "남아프리카의 프리토리아에서 살던 시절 간디는 동포들이 처한 상황을 알게 되었고 그들의 권리와 의무를 찾게 하려고 노력했다."
    ],
    "독립이후": [
      "1947년 8월 15일 인도는 드디어 영국에서 독립을 했으나, 이슬람교도는 파키스탄으로, 힌두교도는 인도로 가는 민족분열이 벌어지고 말았다.",
      "당시 종교갈등으로 수만 명이 학살당하자, 간디는 이슬람교도와 힌두교도의 화해와 일치를 위해 일하였다.",
      "하지만 그의 이러한 모습은 극단적 보수파 힌두교 신도들에게는 이슬람교도를 편드는 것처럼 보였으며, 결국 1948년 1월 30일에 뉴델리에서 열린 저녁 기도회에 참석했다가 반이슬람 성향의 힌두교 급진주의 무장 단체 국민 의용단의 나투람 고드세에게 총을 맞아 암살당했다. 그의 나이는 78세였다."
    ]
  },
  "저서": [
    "《간디 자서전》(박홍규 옮김, 문예출판사, 2007)",
    "《날마다 한 생각》(함석헌 역, 출판사 호미, 2001)",
    "《힌두 스와라지(Hind Swaraj)》(안찬수 역, 출판사 강, 2002)"
  ],
  "평가와 비판": {
    "평화주의자": [
      "그의 종교 사상의 근본은 아힘사(무상해)였고, 인류애에 의한 폭력 부정만이 최후의 승리임을 확신하고 이를 그대로 정치 활동에 실천하였다.",
      "육체적 욕망을 극도로 제한하고, 때로는 금식에 의해 속죄하였다.",
      "간디는 인도의 상징 중 하나가 되었다고 평가된다. 또 그 때부터 ‘위대한 영혼’이라는 뜻의 ‘마하트마(Mahatma)’로 불리게 되었다."
    ],
    "사회운동의 모순": [
      "간디는 거룩하고 활발한 사회운동을 했지만, 노동자들에게 간디는 자본가들을 위해 봉사하는 지식인에 불과한 측면도 있다.",
      "그는 1917년 파업권이 없는 노동조합결성 지원을 자본가들에게 제의해서 구자라트 주의 노동운동을 침체시켰는데, 이는 활발한 노동운동으로 노동인권을 쟁취해 간 봄베이의 노동자들과는 대조되는 모습이었다.",
      "참고로 비폭력주의는 대국인 인도 실정에는 부합할 수 있지만 약소국의 독립운동으로는 적합하지 않을 수 있어 실제로 많은 식민지 나라들이 이를 채택하지 않았다."
    ]
  }
}