{
  "기본정보": [
    "개요: 서울대학교(영어: Seoul National University)[6]는 대한민국 서울특별시 관악구에 있는 국립 대학이다.",
    "표어: 진리는 나의 빛",
    "종류: 국립대학법인, 종합대학",
    "설립: 1946년 10월 15일",
    "총장: 유홍림",
    "학교법인: 국립대학법인 서울대학교"
  ],
  "위치": [
    "관악캠퍼스: 서울특별시 관악구 관악로1",
    "연건캠퍼스: 서울특별시 종로구 대학로 103",
    "평창캠퍼스: 강원특별자치도 평창군 대화면 평창대로 1447",
    "시흥캠퍼스: 경기도 시흥시 서울대학로 173"
  ],
  "개교와 그 이후의 변천": [
    "1946년 7월 13일 미 군정청 문화교육부는 '국립서울종합대학안'을 공식 발표했다. 서울대학교에 따르면, 조선교육심의회에서 현대적 국립대학을 건립할 때 경성대학을 중심으로 여러 관 · 공립 및 사립의 전문학교를 통합하자는 구상이 있었다고 한다.",
    "1946년 8월 22일에 ‘국립서울대학교 설립에 관한 법령’이 공포됨으로써 서울대학교는 공식적으로 설립됐다.",
    "이 법령의 내용은 경성대학을 중심으로 여러 관 · 공 · 사립 전문학교를 통합하여 종합 대학을 설립하는 것이었는데, 9개 단과대학(문리과대학, 공과대학, 농과대학, 법과대학, 사범대학, 상과대학, 의과대학, 예술대학, 치과대학)과 1개 대학원으로 구성된 ‘국립서울대학교’가 1946년 10월에 개교하였다.",
    "초대 총장으로 해리 엔스테드 미국 해군 대위가 취임하였다.[13] 그러나 설립 과정에서 기존 대학에 있던 교수, 직원, 학생들은 반대 운동을 강렬히 전개했으며, 이를 국대안 파동이라 부른다."
  ],
  "동승캠퍼스": [
    "도서관: 도서관 건물은 1927년 8월에 경성제대 법문학부 연구실을 겸해 세워진 건물로, 4층짜리 철근 콘크리트 구조물이었다.",
    "강의실: 문리대 운동장 쪽에 있었던 빨간 벽돌조 3층 건물로, ‘대한민국 최고의 대학 강의실’이라는 평가를 받았다.",
    "본부: 1931년 9월 완공된 건물로 1975년 관악캠퍼스로 이전하기 전까진 서울대학교 본부로 쓰였다. 본부 건물을 제외하고는 모두 철거됐으며 현재 그 자리에는 마로니에 공원이 들어서게 됐다.",
    "구 사대 상대 캠퍼스: 서울대학교 사범대학은 동대문구 용두동에 있었다. 1920년대 경성여자사범학교로 지어진 것을 서울 수복 후 옮겨온 것으로, 캠퍼스 뒤에는 선농단이 있었다.",
    "이공캠퍼스: 노원구 공릉2동에 있던 구 경성제국대학 이공학부 건물을 이어받아 광복 이후 서울대학교 공과대학이 자리잡았으며, 다른 단과대보다 조금 늦은 1980년에 관악캠퍼스로 이전하였다."
  ],
  "관악캠퍼스": [
    "대학 본부가 있는 관악캠퍼스는 1975년 서울대학교 종합화 계획에 따라 조성됐다. 원래는 관악골프장이 있던 자리였다.",
    "1987년 ‘서울대학교 발전장기계획-캠퍼스부문계획’이 수립돼 시설 면적이 기존에 비해 2배가량 늘어났다.",
    "정문 근처에는 대운동장을 끼고 제일 가까이 체육관과 미술관, 경영대학 등이 있다.",
    "한편 경영대-법대백주년기념관-문화관-중앙도서관-공대 폭포로 캠퍼스를 관통하는 길은 ‘걷고 싶은 거리’로 조성돼 있다."
  ]
}