{
  "인물": {
    "생애": [
      "출생: 1856년 7월 10일 오스트리아 제국 스밀랸 (현 크로아티아)",
      "사망:1943년 1월 7일(86세) 미국 뉴욕주 뉴욕"
    ],
    "국적": [
      "오스트리아 제국(1856-84)",
      "오스트리아-헝가리 제국(1867-1918)",
      "미국(1918-1943)"
    ],
    "주요 업적": [
      "테슬라 코일",
      "테슬라 터빈",
      "교류",
      "무선 통신",
      "유도 전동기",
      "회전 자장",
      "전중력학"
    ],
    "수상": [
      "엘리엇 크레슨 메달 (1893)",
      "에디슨 메달 (1916)",
      "존 스콧 메달 (1934)"
    ]
  },
  "개요": [
    "니콜라 테슬라는 세르비아계 미국인인 발명가, 물리학자, 전기공학자이다.",
    "오스트리아 헝가리 제국 출신으로,미국으로 이주하였다.",
    "상업 전기에 중요한 기여를 했으며, 19세기 말과 20세기 초 전자기학의 혁명적인 발전을 가능케 한 인물로 잘 알려져 있다.",
    "테슬라의 특허와 이론적 연구는 전기 배전의 다상시스템과 교류 모터를 포함한 현대적 교류 시스템의 기초를 형성하였다. 그의 이러한 연구는 2차 산업 혁명을 선도하는 역할을 하였다."
  ],
  "어린 시절": [
    "테슬라의 부친은 세르비아 정교회 사제였다. 테슬라는 어릴 때부터 시를 즐겨 썼으며 나중에 미국으로 이민을 갈 때 시들 중 일부를 가져가기도 했다.",
    "다만 그는 자신의 시가 공개되는 것을 대단히 꺼려했으며 지극히 개인적인 이유로 시를 즐겼다. 테슬라는 평생 동안 특별한 일이 있을 때마다 시 쓰기를 계속했다.",
    "테슬라는 아주 어렸을 때부터 발명을 하기 시작했다. 그가 가장 처음으로 발명한 것은 다섯 살 때 만든 작은 수차였다.",
    "테슬라의 형 다니엘은 열두 살에 불의의 사고로 죽었다. 테슬라의 자서전에 따르면, 형인 다니엘의 수학, 과학적 능력은 자신보다 훨씬 뛰어났고 자신은 형에 비하면 별 것이 아닌 수준이라고까지 이야기를 할 정도로 천재였다고 하는데, 테슬라의 아버지의 친구가 선물해 준 말을 타다 다쳐서 죽었다고 한다."
  ],
  "학창 시절": [
    "테슬라는 대단히 천재적인 재능을 가지고 있었다. 그는 언어적으로 모국어인 세르보크로아트어 뿐만 아니라 영어, 프랑스어, 독일어, 이탈리아어까지도 구사할 수 있었고, 수학에는 상당히 뛰어난 소질을 가지고 있었다.",
    "또한 그에게는 특별한 노력을 기울이지 않아도 순식간에 답을 알아버리는 경우가 종종 있었는데, 이에 대해 그는 “이런 느낌이 들면 내가 문제를 해결했고, 결국에는 원하는 결과를 얻을 수 있다는 것을 직감적으로 알 수 있었다.”고 말했다.",
    "875년 그는 산 속 생활을 마치고 오스트리아의 그라츠에 있는 Technische Universität Graz 입학했다. 첫해에는 군 당국으로부터 장학금을 받았기 때문에 경제적인 어려움이 별로 없어 새벽 3시부터 밤 11시까지 거의 쉬지 않고 열심히 공부했다."
  ],
  "테슬라의 독특한 발명 방식":[
    "테슬라는 흥분할 때마다 반짝이는 빛과 같은 환상을 보곤 했다. 그는 이를 ‘때때로 강한 빛과 함께 나타나는 이미지들 때문에 겪게 되는 특이한 고통’이라고 표현했다.",
    "그는 이러한 고통스런 형상에서 벗어나기 위해 엄청난 정신적 훈련을 거듭했고 그 결과 그는 머릿속에 자신만의 상상의 세계를 가지게 되었다.",
    "를 바탕으로 그는 특별한 설계도나 모델이 있지 않아도, 또 실험을 하지 않고도 발명에 필요한 모든 과정을 머릿속으로만 해결할 수 있었다."
  ]
}