{
  "인물": [
    "출생: 1970년 11월 27일(53세)",
    "출생 지역: 대한민국 전라남도 광주시"
    ],
    "직업": ["소설가, 시인"],
    "수상":[
      "노벨 문학상(2024)",
      "맨부커 국제상(2016)",
      "에밀 기메 아시아 문학상(2024)",
      "메디시스 외국 문학상(2023)",
      "이상문학상(2005)"
    ],
    "가족":[
      "아버지: 한승원"
    ],
    "주요작품":[
      "채식주의자",
      "소년이 온다",
      "희랍어 시간"
    ]
  ,
  "생애": [
    "1970년 전라남도 광주시 중흥동(현재의 광주광역시 북구 중흥동)에서 소설가 한승원의 딸로 태어났다.",
    "풍문여자고등학교를 졸업한 후 연세대학교 국어국문학과에 진학했다. 1993년 대학을 졸업했고 이후 출판사인 샘터사에서 근무했다.",
    "1993년 '문학과사회' 겨울호에 시 4편을 실으며 시인으로 데뷔하였고, 1994년 서울신문 신춘문예에서 《붉은 닻》(한강현(韓江賢)이라는 필명으로 발표함)으로 소설가로 첫발을 내디뎠다.",
    "1995년 첫 소설집 《여수의 사랑》을 출간한 후 직장을 그만두었다. 이후 꾸준히 작품을 집필하며, 2007년 서울예술대학 문예창작과 전임교수로 임용되어 2018년까지 약 10년간 재직했다."
  ],
  "이상 문학상 수상":[
    "2005년 심사위원 7인 전원일치 평결로 《몽고반점》이 이상문학상 수상자로 선정되었다.",
    "이상문학상 역사상 1970년대생 작가로는 첫 번째 수상자였고, 여타 1970년대생 문인과 달리 진중한 문장과 웅숭깊은 세계 인식으로 1993년 등단 이래 일찌감치 '차세대 한국 문학 기수 가운데 한 명'으로 주목받았다.",
    " 문학평론가 이어령은 이 작품에 관해 “한강의 《몽고반점》은 기이한 소재와 특이한 인물 설정, 그리고 난(亂)한 이야기 전개가 어색할 수도 있었지만, 차원 높은 상징성과 뛰어난 작법으로 또 다른 소설 읽기의 재미를 보여주고 있다”라고 평한 바 있다."
  ],
  "노벨 문학상 수상": [
    "2024년에는 노벨 문학상을 받았다. 이로써 한강은 아시아인 여성 작가, 한국인 작가로는 최초 노벨 문학상 수상자가 되었으며,",
    "2000년에 노벨 평화상을 받은 김대중 전 대통령 뒤를 이어 대한민국 국적자로는 두 번째 노벨상 수상자가 되었다."
  ]
}