{
  "기본 정보": [
    "표어: Unique Origin, Unique Future",
    "건학이념: 수기치인(修己治人)",
    "총장: 유지범",
    "설립자: 김창숙"
  ],
  "설립": [
    "1398년 성균관",
    "1946년 성균관대학"
  ],
  "역사": {
    "고전대학시대": [
      "성균관대학교의 역사는 크게 고전대학시대, 근대대학시대 그리고 현대대학시대로 나눌 수 있는데, 그 중에 고전대학시대는 1398년에서 1894년까지를 말한다. 이 때는 전통적인 유학교육이 행해졌으며 제도적 운영 또한 고전적이었다.",
      "제1기는 건학기로 1398년에서 1494년까지, 즉 태조 때 성균관의 건립로부터 성종 때까지가 이에 해당된다. 그 시기에는 성균관의 건립과 더불어 제도상의 정비, 운영상의 시책이 적극적으로 베풀어져 최고 국립대학의 체제가 완성되었다.",
      "제2기는 정체기로 1495년에서 1724년까지, 즉 연산군 때부터 경종 때까지가 이에 해당한다. 이 시기에는 연산군의 폭정으로 성균관이 한때 잔치를 벌이는 곳으로 전락[10]하여, 비로소 중종의 즉위 후 원상 복구한 불미스러운 일이 있었다.",
      "제3기는 부흥기로 1725년에서 1894년까지, 즉 영조 때부터 갑오경장 때까지가 이에 해당된다. 이 시기에는 정치적, 문예적 부흥기를 맞아 성균관의 교육도 자못 활기를 띠었고, 또 실학자들에 의하여 교육제도에 대한 개혁론도 활발히 전개되었다."
    ],
    "근대대학시대": [
      "제1기는 개화기로 1895년에서 1910년까지, 즉 성균관이 근대적인 대학으로 발족한 때부터 경술국치까지가 이에 해당된다.",
      "제2기인 수난기는 일제강점기이다. 성균관은 조선의 최고학부로서의 교육기능을 상실당하였으며, 석전향사(釋奠享祀)와 재산관리를 주 임무로 하는 기관으로 변모하였다.",
      "성균관대학교 측의 입장에 의하면, 명륜전문학교는 과거 조선의 최고학부였던 성균관의 정통, 즉 '바른 계통'을 온전히 계승한 것으로는 볼 수 없으며 그 정통의 계승은 후에 성균관대학의 설립으로 실현되는 것이다."
    ],
    "현대대학시대":[
      "1945년 해방과 더불어 명륜전문학교가 부활하였고[13] 경학원이 성균관으로 명칭을 회복하였다.",
      "같은 해 11월 김창숙의 주도로 전국유림대회가 열려 전국에서 천여 명의 대표 유림들이 성균관 명륜당에 모였다. 김구가 위원장을, 이승만이 고문을 역임하였다.",
      "이처럼 성균관의 정통을 계승하여 출범한 성균관대학은 문학부와 정경학부의 2개 학부로 구성되었다. 동양철학과, 문학과(국문학전공, 영문학전공, 불문학전공), 사학과가 문학부에 속하였으며 법률학과, 정치학과, 경제학과가 정경학부에 속하였다.",
      "나아가 1963년 사립학교법으로 인해 기존의 재단법인 성균관대학이 개편되어 '학교법인 성균관대학'과 정부기관 산하의 '재단법인 성균관'으로 분리되었다."
    ]
  },
  "위치": [
    "성균관대학교는 서울특별시 종로구 성균관로 25-2에 위치한 인문사회과학캠퍼스(서울 지하철 4호선 혜화역)",
    "경기도 수원시 장안구 서부로 2066에 위치한 자연과학캠퍼스(수도권 전철 1호선 성균관대역)의 이원화 캠퍼스로 이루어져 있다.",
    "각 캠퍼스의 소속 전공은 문, 이과의 구분에 따라 나뉘어 있다."
  ]
}