{
  "인물": {
    "기본 정보": [
      "본명: Cristiano Ronaldo dos Santos Aveiro",
      "출생일: 1985년 2월 5일(39세)",
      "출생지: 포르투갈 마데이라 제도 푼샬",
      "키: 187cm",
      "포지션: 윙포워드, 스트라이커"
    ],
    "구단 정보": [
      "현 소속팀: 알나스르",
      "등번호: 7"
    ],
    "청소년 구단 기록": [
      "1992-1995: 안도리냐",
      "1995-1997: 나시오날",
      "1997-2002: 스포르팅 리스본"
    ],
    "구단 기록": [
      "2002-2003: 스포르팅 리스본",
      "2003-2009: 맨체스터 유나이티드",
      "2009-2018: 레알 마드리드",
      "2018-2021: 유벤투스",
      "2021-2022: 맨체스터 유나이티드",
      "2023-: 알 나스르"
    ]
  },
  "클럽 경력": [
    "스포르팅 리스본: 16세가 되자, 호날두는 당시 스포르팅의 1군 감독이자 그의 드리블 능력을 주시하던 라슬로 뵐뢰니 감독의 부름을 받아 1군으로 승격되었다. 그는 구단의 U-16, U-17, U-18, 리저브, 그리고 1군 경기를 단일 시즌에 뛴 최초의 선수가 되었다.",
    "맨체스터 유나이티드: 호날두는 2003-04 시즌을 앞두고 맨체스터 유나이티드가 영입한 최초의 포르투갈 선수가 되었다. 2021년 8월 27일 (현지 시각), 맨체스터 유나이티드 FC로 복귀했다. 프리미어 리그 4라운드 뉴캐슬 유나이티드 FC 와의 홈 경기에서 복귀 골을 터트리며 신고식을 치뤘다. 이 득점으로 맨유 역사상 최고령 득점 3위에 이름을 올리게 되었다.",
    "레알 마드리드: 2009-10 시즌을 앞두고, 호날두는 역대 최고 이적료인 €94M (£80M) 에 레알 마드리드에 합류했다. 그의 계약은 2015년까지 유효하며 연봉이 €11M이었고, 인수 조항으로 €1B가 매겨졌다.",
    "알나스르: 2022년 12월 31일 월드컵에서 좋지 않은 퍼포먼스를 보여준 호날두는 결국 천문학적인 연봉으로 사우디아라비아의 알나스르 FC와 계약을 맺고 입단하였다."
  ],
  "국가대표팀 경력": [
    "전반적으로 루이스 피구 등 당대의 선배들이 은퇴한 이후의 호날두의 국가대표 커리어는 상당히 좋지 않다.",
    "2010년 FIFA 월드컵 유럽 지역 예선에서는 덴마크, 스웨덴과 같은 조가 되어 덴마크에 밀려 플레이오프에 진출했으며 플레이오프에서 보스니아헤르체고비나를 상대로 이기고 본선에 올랐다.",
    "2014년 FIFA 월드컵 유럽 지역 예선에서는 러시아, 이스라엘과 같은 조가 되어 러시아는 4-0, 3-1로 간단히 이긴 이스라엘을 상대로 1-1, 3-3으로 끝내 이기지 못하고 이것이 원인이 되어 플레이오프에 진출했으며 플레이오프에서 스웨덴을 상대로 이기고 본선에 올랐다.",
    "2018년 FIFA 월드컵 유럽 지역 예선에서는 스위스와 같은 조가 되어 첫 경기를 스위스에 패하여 시종일관 조 2위였다가 마지막 경기에서 다시 맞붙는 스위스를 상대로 이기고 본선에 올랐다.",
    "2022년 FIFA 월드컵 유럽 지역 예선에서는 약체인 세르비아와 같은 조가 되어 무승부만 기록해도 직행할 수 있는 본선을 세르비아에 패하여 플레이오프에 진출했는데 죽음의 조가 걸렸다."
  ],
  "추가적인 선수 정보": {
      "플레이 스타일": [
        "호날두는 측면 공격수나, 중앙 공격수를 맡을 수 있으며, 오른발잡이로 소개되는 경우가 많지만, 양발 모두 강력하다",
        "호날두는 성숙해가면서 체격적으로 변화했는데, 근육적인 신체가 발달해 상대와의 공 경합에 있어 밀리지 않게 되었다",
        "호날두는 유나이티드에서의 마지막 시즌에 더 공격적으로 중앙 쪽을 맡았는데, 공격수와 후방 공격수 역할도 수행했고, 아주 가끔 공격형 미드필더로도 배치되었다.",
        "레알 마드리드에서는 더 공격적인 역할을 수행했는데, 창조나 수비와 관련된 임무는 덜 수행하게 되었다."
      ],
      "평가": [
        "호날두는 리오넬 메시와 더불어 당대 세계 최고의 선수 두 명으로 거론되며, 경기에 임한 최고의 선수들 중 한명으로 언급된다.",
        "호날두는 태클에 당하면 과잉반응한다는 비난을 받았는데, 이에 대해 주제 모리뉴 전 레알 마드리드 감독은 다음과 같이 응답했다: 크리스티아누는 수영장이 어떤지도 모르는 선수이며, 속임수가 어떤지 모르는 선수로, 영국에서 훈련받았고, 퍼거슨이 그를 훈련해 주었다.",
        "데뷔 초창기, 호날두는 경기장에서 '거만한 모습'을 보이는 선수로 묘사되었고, 호날두는 자신이 '희생양'으로 쓰였다고 주장하기에 이르었는데, 이는 언론이 그를 어떻게 다루는지 반영한 것이었다."
      ],
      "리오넬 메시와의 경쟁 구도": [
        "양 선수 모두 UEFA 챔피언스리그 결승전에서 두 차례 득점했고, 단일 시즌 50골의 장벽을 깨곤 했다.",
        "포츠 언론인들과 평론가들은 두 선수의 개인 기록을 놓고 현대 축구에서 누가 최고의 선수인지에 대해 토론을 벌이곤 한다.",
        "몇몇 해설가들은 두 선수들이 지닌 신체적 능력과 플레이스타일을 중점에 놓고 분석했고, 토론이 계속되는 과정에서 두 선수 간의 대조되는 성격 차이에 대해서도 말이 나왔다: 호날두는 거만하고, 과시적인 모습으로 나타나며, 메시는 소극적이고, 충직한 성격으로 나타내는 경향이 있다",
        "하지만 공적으로는 경쟁관계에 놓여 있지만 사적으로는 메시와 친분이 있다. 메시가 코파 아메리카 센테나리오를 망친 직후 아르헨티나 축구 국가대표팀에서 은퇴하려 하자 호날두는 '축구 뿐만 아니라 모든 종목의 운동선수에게 있어서 국가대표는 최고의 영광이다' 라면서 메시가 자신의 최고의 영광인 아르헨티나 국가대표를 떠나지 않았으면 좋겠다고 하며 메시의 은퇴를 만류했다."
      ],
      "골 셀레브레이션": [
        "크리스티아누 호날두는 자신의 트레이드마크인 일명 호우 셀러브레이션으로도 유명하다.",
        "이 셀러브레이션은 여러 동작들이 연결되어 있는데 먼저 양손 검지로 땅을 가리키며 뛰어간 다음, 오른손 검지 손가락을 돌리며 높이 점프를 한 후 두 팔을 펼쳐 등 돌려 착지한다.",
        "이 셀러브레이션은 호날두의 트레이드 마크가 되었으며 많은 선수들이 이 셀러브레이션을 따라한다.",
        "또한 축구 뿐만 아니라 호날두를 동경하는 다른 종목의 선수들도 종종 이 셀러브레이션을 따라하기도 한다"
      ]
    }
}