{
  "인물": {
    "기본 정보": [
      "국적: 한국",
      "생년월일: 1992년 7월 8일(32세)",
      "출생지: 대한민국 강원도 춘천시",
      "키: 183cm",
      "포지션: 공격수"
    ],
    "구단 정보": [
      "현 소속팀: 토트넘 홋스퍼",
      "등번호: 7"
    ],
    "국가대표팀 기록": [
      "2008–2009 대한민국",
      "2016 대한민국 올림픽",
      "2018 대한민국 아시안게임",
      "2010– 대한민국"
    ]
  },

  "학력": [
    "부안초등학교 졸업",
    "동북중학교 졸업",
    "동북고등학교 중퇴"
  ],
  "구단 경력": [
    "2010-11 시즌을 앞둔 프리시즌 경기에서 손흥민은 첼시를 상대로 역전골을 넣는 등 탁월한 골 결정력으로 인해 주목을 받기 시작하였다.",
    "2012-13 시즌 아인트라흐트 프랑크푸르트와의 3라운드 원정경기에서 손흥민은 시즌 첫 골을 성공시켰다.",
    "2013-14 시즌 바이어 04 레버쿠젠은 2013년 6월 13일 손흥민과 5년 계약을 맺었다고 발표했다. 이적료는 1천 만 유로로 추정된다",
    "SL 벤피카와의 UEFA 챔피언스리그 조별리그 C조 2차전에서 전반 34분 팀의 두 번째 골을 터트렸다.",
    "2015년 8월 독일과 영국의 언론으로부터 토트넘 이적설이 보도되었다. 2015년 8월 28일 토트넘 홋스퍼 FC는 2150만 파운드의 이적료로 손흥민과 5년 계약을 체결하였다고 발표하였다.",
    "2016-17 시즌 개막을 전후로 VfL 볼프스부르크 이적설이 제기되었으며, 토트넘 홋스퍼 FC 측이 볼프스부르크의 제의를 거절하며 일단락되었다.",
    "시즌을 앞두고 팔 골절 부상으로 프리시즌 및 개막전에 불참했지만 프리미어리그 3라운드 스완지전 왼쪽 윙백으로 선발 출전해 좋은 모습을 보여주었다.",
    "2019년 4월 10일 맨시티의 홈구장에서 열린 맨시티와의 8강 1차전 경기에서 결승골을 넣었다.",
    "2019년 12월 8일, 번리전에서 73m 드리블을 한 다음 원더골을 터트리며 화제가 되었다. 이 골은 2020 프리미어리그 올해의 골에 선정되고 한국인 최초로 푸스카스상을 받았다.",
    "2020년 9월 20일, 사우샘프턴 FC을 상대로 4골을 기록함으로써 자신 커리어에서 프리미어리그 첫 해트트릭과 동시에 본인 커리어 사상 한경기 최다골과 EPL에서 아시아 선수로는 첫번째 포트트릭을 달성했다.",
    "2021-22 시즌 이번 시즌 프리미어리그에서 35경기 23골 7도움을 기록하며 모하메드 살라와 함께 프리미어리그 득점왕에 오르는 쾌거를 썼다.",
    "2023-24 시즌 2023년 8월 12일, 손흥민은 위고 요리스의 뒤를 이어 토트넘 홋스퍼의 새 주장으로 선임되었다."
  ],
  "국가대표팀 경력": [
    "손흥민은 2009년 나이지리아에서 열린 FIFA U-17 월드컵에서 대표팀 최다골인 3골을 넣으면서 대한민국이 8강에 오르는 데 공헌하였다.",
    "2011년 AFC 아시안컵을 앞두고 2010년 12월 대한민국 축구 국가대표팀에 첫 발탁되었으며, 이는 만 18세 175일로 최연소 국가대표 발탁 기록으로는 역대 4번째 기록에 속한다.",
    "2011년 10월 12일 손흥민의 아버지 손웅정이 소속 팀 적응 문제와 어린 선수인 점을 들어, 성장하기 전까지 국가대표팀 차출을 자제해 달라고 요구했다.",
    "2012년 런던 올림픽을 앞두고 손흥민은 소속팀인 함부르크에서의 훈련에 힘을 다하기 위해 런던 올림픽에 출전하지 않겠다고 말했다는 오보가 나왔다.",
    "2014년 FIFA 월드컵 최종 명단에 포함되어 월드컵에 데뷔한 그는 포르투알레그리에서 열린 알제리와의 2차전 후반전에 만회골을 넣으며 월드컵 데뷔 골을 기록했다.",
    "2014년 12월 22일 발표된 2015년 AFC 아시안컵 최종 명단에 포함되었다.",
    "2022년 6월 10일 파라과이와의 A매치 평가전에서 프리킥을 성공시켰고 9월 23일 열린 코스타리카와의 경기에서도 프리킥 동점 골을 성공시키며 A매치 통산 34호골로 대한민국 남자축구 국가대표 팀 역대 득점 4위로 올라섰다.",
    "2022년 FIFA 월드컵을 앞두고 올랭피크 드 마르세유와의 챔피언스 리그 경기 도중 샹셀 음벰바와 충돌해 안와골절상을 당했고, 이 때문에 그는 월드컵 시즌 내내 안면보호 마스크를 쓰고 뛰어야 했다. 결국 카타르 월드컵에서는 득점을 올리지 못했지만, 포르투갈과의 2022년 FIFA 월드컵 H조 최종전에서 후반전 추가시간에 황희찬의 역전골을 어시스트하며 대한민국의 12년 만의 월드컵 16강 진출을 이끌었다."
  ],
  "주요 출전 국제대회": [
    "2008: AFC U-16 챔피언십 국가대표",
    "2009: FIFA U-17 월드컵 국가대표",
    "2011: AFC 아시안컵 국가대표",
    "2014: FIFA 월드컵 국가대표",
    "2015: AFC 아시안컵 국가대표",
    "2016: 리우 올림픽 국가대표 (WC)",
    "2018: FIFA 월드컵 국가대표 자카르타-팔렘방 아시안 게임 국가대표 (WC)",
    "2019: AFC 아시안컵 국가대표 주장",
    "2022: FIFA 월드컵 국가대표 주장",
    "2023: AFC 아시안컵 국가대표 주장"
    ]
  ,
  "평판": [
    "2010년에는 FIFA에서 발표한 세계 유망주 23인에 에덴 아자르, 네이마르 등의 유망주들과 함께 이름을 올렸다.",
    "미국의 유명 매체인 블리처 리포트가 3월 22일에 발표한 2011-2012 세계를 뜨겁게 달굴 10대 축구 유망주에 선정되었다.",
    "2013년 3월 13일 프란츠 베켄바워는 독일 언론사 모르겐포스트와의 인터뷰에서 손흥민을 '슈퍼 플레이어'라고 평가하였다."
  ]
}