{
  "인물": [
    "출생: 1929년 1월 15일 미국 조지아주 애틀랜타",
    "사망: 1968년 4월 4일(39세) 미국 테네시주 멤피스 모텔",
    "사인: 암살(총기에 의한 사망)",
    "직업: 목사, 신학자, 시민사회운동가, 흑인운동가, 인권운동가, 연설가",
    "배우자: 코리타 스캇 킹"
  ],
  "출생": [
    "마틴 루터 킹은 1929년 1월 15일 미국 조지아주 애틀랜타 시의 침례교 목사 마이클 루터 킹의 아들로 태어났다.",
    "그의 아버지쪽 선조들은 아일랜드인과 아프리카인의 혈통이 섞인 아이리시-아프리카 계열 흑인이었다",
    "아버지 마이클 루터 킹은 회 목사이다. 증조부 때부터 침례교 목사였고 3대째 침례교회 목사였지만 백인 우월주의자들과 인종 차별주의자 백인들에게 멸시와 폭행을 당했고, 어릴적부터 그는 이런 모습을 보면서 성장, 인종차별을 없애야 한다는 신념을 어릴 적부터 품어져 있었다."
  ],
  "유년기-청년기": [
    "경찰의 인종 차별에 당당하고 논리적으로 항의하는 부친의 실천은 어린이였던 루터 킹에게 옳지 않은 것을 보면 굴종하거나 침묵하지 말고 항의해야 한다는 가르침을 주었다",
    "소년 시절에 그는 침례교회에 다니면서도 기독교의 교리에 회의적 생각을 품게 되었다.",
    "그는 9학년과 12학년을 월반하여 15세 되던 해에 모어하우스 대학 신학과에 입학,[5] 모어하우스 대학교를 졸업하고 펜실베이니아주 체스터의 크로저신학교를 수료하였다."
  ],
  "인권, 사회 활동": {
    "사회 부조리 해결에 참여": [
      "박사학위 재학 중 그는 주일학교때 학력이 낮은 교사들에게 배운 기독교 근본주의적인 신앙에서 기독교적인 사회참여를 강조하는 진보적 신앙으로 신앙성격이 바뀌게 된다.",
      "한편 주일학교에 나가 흑인 및 빈민가의 문맹자들에게 글을 가르치기도 했다. 그후 보스턴 대학에서 철학박사 학위를 받았다."
    ],
    "몽고메리의 버스 보이콧": [
      "1954년 앨라배마주 몽고메리의 덱스터 애버뉴 침례교회의 담임목사직을 맡게 된다.",
      "그러던 중 1955년 12월 몽고메리에서 로자 파크스라는 흑인여성이 버스에서 백인 남자에게 자리를 양보하지 않아 시 경찰서에 체포, 연행당하는 사건이 발생했다.",
      "이 사건을 계기로 흑인 지도자들이 봉기하여 몽고메리 시내버스업체들을 상대로 보이콧 운동을 기획했다. 킹 목사는 이 몽고메리 버스 보이콧 운동을 이끌어달라는 요청을 받아 다른 흑인 지도자들과 함께 운동을 이끌었다",
      "킹 목사는 참가자들에게 흑인 해방 운동이 비폭력적인 방법으로 시위를 해야한다고 강조했다"
    ]
  }
}